question,answer,predicted_answer,relation,correct
"In: You are a helpful language and vision assistant. You are able to understand the visual content that the user provides, and assist the user with a variety of tasks using natural language. By `behind` I mean further from the camera. By `in front of` I mean closer to the camera. By `left` I mean closer to the left edge of the image. By `right` I mean closer to the right edge of the image. Only answer with one word: `yes` or `no`.

Question: 
Is the sphere to the right of the large rubber cube?Answer:
Out:",Yes,no,right,False
"In: You are a helpful language and vision assistant. You are able to understand the visual content that the user provides, and assist the user with a variety of tasks using natural language. By `behind` I mean further from the camera. By `in front of` I mean closer to the camera. By `left` I mean closer to the left edge of the image. By `right` I mean closer to the right edge of the image. Only answer with one word: `yes` or `no`.

Question: 
Is the small yellow rubber cylinder to the left of the large blue rubber cylinder?Answer:
Out:",Yes,no,left,False
"In: You are a helpful language and vision assistant. You are able to understand the visual content that the user provides, and assist the user with a variety of tasks using natural language. By `behind` I mean further from the camera. By `in front of` I mean closer to the camera. By `left` I mean closer to the left edge of the image. By `right` I mean closer to the right edge of the image. Only answer with one word: `yes` or `no`.

Question: 
Is the small cyan cube behind the large blue rubber cylinder?Answer:
Out:",Yes,no,behind,False
"In: You are a helpful language and vision assistant. You are able to understand the visual content that the user provides, and assist the user with a variety of tasks using natural language. By `behind` I mean further from the camera. By `in front of` I mean closer to the camera. By `left` I mean closer to the left edge of the image. By `right` I mean closer to the right edge of the image. Only answer with one word: `yes` or `no`.

Question: 
Is the small green metal cylinder in front of the small cyan cube?Answer:
Out:",Yes,no,in front of,False
"In: You are a helpful language and vision assistant. You are able to understand the visual content that the user provides, and assist the user with a variety of tasks using natural language. By `behind` I mean further from the camera. By `in front of` I mean closer to the camera. By `left` I mean closer to the left edge of the image. By `right` I mean closer to the right edge of the image. Only answer with one word: `yes` or `no`.

Question: 
Is the small cyan rubber cylinder in front of the large gray metal cylinder?Answer:
Out:",Yes,no,in front of,False
"In: You are a helpful language and vision assistant. You are able to understand the visual content that the user provides, and assist the user with a variety of tasks using natural language. By `behind` I mean further from the camera. By `in front of` I mean closer to the camera. By `left` I mean closer to the left edge of the image. By `right` I mean closer to the right edge of the image. Only answer with one word: `yes` or `no`.

Question: 
Is the large blue cube to the right of the small cyan rubber cylinder?Answer:
Out:",Yes,no,right,False
"In: You are a helpful language and vision assistant. You are able to understand the visual content that the user provides, and assist the user with a variety of tasks using natural language. By `behind` I mean further from the camera. By `in front of` I mean closer to the camera. By `left` I mean closer to the left edge of the image. By `right` I mean closer to the right edge of the image. Only answer with one word: `yes` or `no`.

Question: 
Is the sphere to the right of the small yellow cube?Answer:
Out:",Yes,no,right,False
"In: You are a helpful language and vision assistant. You are able to understand the visual content that the user provides, and assist the user with a variety of tasks using natural language. By `behind` I mean further from the camera. By `in front of` I mean closer to the camera. By `left` I mean closer to the left edge of the image. By `right` I mean closer to the right edge of the image. Only answer with one word: `yes` or `no`.

Question: 
Is the small green metal cylinder behind the small blue metal cylinder?Answer:
Out:",No,no,behind,True
"In: You are a helpful language and vision assistant. You are able to understand the visual content that the user provides, and assist the user with a variety of tasks using natural language. By `behind` I mean further from the camera. By `in front of` I mean closer to the camera. By `left` I mean closer to the left edge of the image. By `right` I mean closer to the right edge of the image. Only answer with one word: `yes` or `no`.

Question: 
Is the small brown metal cylinder in front of the large purple metal cube?Answer:
Out:",No,no,in front of,True
"In: You are a helpful language and vision assistant. You are able to understand the visual content that the user provides, and assist the user with a variety of tasks using natural language. By `behind` I mean further from the camera. By `in front of` I mean closer to the camera. By `left` I mean closer to the left edge of the image. By `right` I mean closer to the right edge of the image. Only answer with one word: `yes` or `no`.

Question: 
Is the large yellow rubber cube to the left of the small brown metal cylinder?Answer:
Out:",No,no,left,True
"In: You are a helpful language and vision assistant. You are able to understand the visual content that the user provides, and assist the user with a variety of tasks using natural language. By `behind` I mean further from the camera. By `in front of` I mean closer to the camera. By `left` I mean closer to the left edge of the image. By `right` I mean closer to the right edge of the image. Only answer with one word: `yes` or `no`.

Question: 
Is the large yellow sphere to the left of the large gray rubber cylinder?Answer:
Out:",Yes,no,left,False
"In: You are a helpful language and vision assistant. You are able to understand the visual content that the user provides, and assist the user with a variety of tasks using natural language. By `behind` I mean further from the camera. By `in front of` I mean closer to the camera. By `left` I mean closer to the left edge of the image. By `right` I mean closer to the right edge of the image. Only answer with one word: `yes` or `no`.

Question: 
Is the small blue metal cube to the right of the large yellow rubber cube?Answer:
Out:",No,no,right,True
"In: You are a helpful language and vision assistant. You are able to understand the visual content that the user provides, and assist the user with a variety of tasks using natural language. By `behind` I mean further from the camera. By `in front of` I mean closer to the camera. By `left` I mean closer to the left edge of the image. By `right` I mean closer to the right edge of the image. Only answer with one word: `yes` or `no`.

Question: 
Is the small purple cylinder behind the large gray cylinder?Answer:
Out:",Yes,no,behind,False
"In: You are a helpful language and vision assistant. You are able to understand the visual content that the user provides, and assist the user with a variety of tasks using natural language. By `behind` I mean further from the camera. By `in front of` I mean closer to the camera. By `left` I mean closer to the left edge of the image. By `right` I mean closer to the right edge of the image. Only answer with one word: `yes` or `no`.

Question: 
Is the large brown rubber sphere to the left of the small purple cylinder?Answer:
Out:",Yes,no,left,False
"In: You are a helpful language and vision assistant. You are able to understand the visual content that the user provides, and assist the user with a variety of tasks using natural language. By `behind` I mean further from the camera. By `in front of` I mean closer to the camera. By `left` I mean closer to the left edge of the image. By `right` I mean closer to the right edge of the image. Only answer with one word: `yes` or `no`.

Question: 
Is the  purple metal cube to the left of the large yellow metal sphere?Answer:
Out:",Yes,no,left,False
"In: You are a helpful language and vision assistant. You are able to understand the visual content that the user provides, and assist the user with a variety of tasks using natural language. By `behind` I mean further from the camera. By `in front of` I mean closer to the camera. By `left` I mean closer to the left edge of the image. By `right` I mean closer to the right edge of the image. Only answer with one word: `yes` or `no`.

Question: 
Is the small purple cylinder to the right of the small gray metal sphere?Answer:
Out:",Yes,no,right,False
"In: You are a helpful language and vision assistant. You are able to understand the visual content that the user provides, and assist the user with a variety of tasks using natural language. By `behind` I mean further from the camera. By `in front of` I mean closer to the camera. By `left` I mean closer to the left edge of the image. By `right` I mean closer to the right edge of the image. Only answer with one word: `yes` or `no`.

Question: 
Is the  brown rubber cube behind the  purple metal cube?Answer:
Out:",Yes,no,behind,False
"In: You are a helpful language and vision assistant. You are able to understand the visual content that the user provides, and assist the user with a variety of tasks using natural language. By `behind` I mean further from the camera. By `in front of` I mean closer to the camera. By `left` I mean closer to the left edge of the image. By `right` I mean closer to the right edge of the image. Only answer with one word: `yes` or `no`.

Question: 
Is the large purple metal sphere behind the small gray metal sphere?Answer:
Out:",Yes,no,behind,False
"In: You are a helpful language and vision assistant. You are able to understand the visual content that the user provides, and assist the user with a variety of tasks using natural language. By `behind` I mean further from the camera. By `in front of` I mean closer to the camera. By `left` I mean closer to the left edge of the image. By `right` I mean closer to the right edge of the image. Only answer with one word: `yes` or `no`.

Question: 
Is the  purple metal cube behind the small brown rubber sphere?Answer:
Out:",No,no,behind,True
"In: You are a helpful language and vision assistant. You are able to understand the visual content that the user provides, and assist the user with a variety of tasks using natural language. By `behind` I mean further from the camera. By `in front of` I mean closer to the camera. By `left` I mean closer to the left edge of the image. By `right` I mean closer to the right edge of the image. Only answer with one word: `yes` or `no`.

Question: 
Is the  gray sphere to the right of the large gray rubber cube?Answer:
Out:",No,no,right,True
"In: You are a helpful language and vision assistant. You are able to understand the visual content that the user provides, and assist the user with a variety of tasks using natural language. By `behind` I mean further from the camera. By `in front of` I mean closer to the camera. By `left` I mean closer to the left edge of the image. By `right` I mean closer to the right edge of the image. Only answer with one word: `yes` or `no`.

Question: 
Is the  gray sphere to the left of the  brown sphere?Answer:
Out:",Yes,no,left,False
"In: You are a helpful language and vision assistant. You are able to understand the visual content that the user provides, and assist the user with a variety of tasks using natural language. By `behind` I mean further from the camera. By `in front of` I mean closer to the camera. By `left` I mean closer to the left edge of the image. By `right` I mean closer to the right edge of the image. Only answer with one word: `yes` or `no`.

Question: 
Is the large gray rubber cube to the right of the small blue metal cube?Answer:
Out:",No,no,right,True
"In: You are a helpful language and vision assistant. You are able to understand the visual content that the user provides, and assist the user with a variety of tasks using natural language. By `behind` I mean further from the camera. By `in front of` I mean closer to the camera. By `left` I mean closer to the left edge of the image. By `right` I mean closer to the right edge of the image. Only answer with one word: `yes` or `no`.

Question: 
Is the  brown sphere to the right of the small gray rubber cube?Answer:
Out:",Yes,no,right,False
"In: You are a helpful language and vision assistant. You are able to understand the visual content that the user provides, and assist the user with a variety of tasks using natural language. By `behind` I mean further from the camera. By `in front of` I mean closer to the camera. By `left` I mean closer to the left edge of the image. By `right` I mean closer to the right edge of the image. Only answer with one word: `yes` or `no`.

Question: 
Is the small metal cube in front of the large rubber cube?Answer:
Out:",No,no,in front of,True
"In: You are a helpful language and vision assistant. You are able to understand the visual content that the user provides, and assist the user with a variety of tasks using natural language. By `behind` I mean further from the camera. By `in front of` I mean closer to the camera. By `left` I mean closer to the left edge of the image. By `right` I mean closer to the right edge of the image. Only answer with one word: `yes` or `no`.

Question: 
Is the large purple metal cube to the right of the small cyan cylinder?Answer:
Out:",No,no,right,True
"In: You are a helpful language and vision assistant. You are able to understand the visual content that the user provides, and assist the user with a variety of tasks using natural language. By `behind` I mean further from the camera. By `in front of` I mean closer to the camera. By `left` I mean closer to the left edge of the image. By `right` I mean closer to the right edge of the image. Only answer with one word: `yes` or `no`.

Question: 
Is the small red rubber sphere in front of the small red metal cube?Answer:
Out:",Yes,no,in front of,False
"In: You are a helpful language and vision assistant. You are able to understand the visual content that the user provides, and assist the user with a variety of tasks using natural language. By `behind` I mean further from the camera. By `in front of` I mean closer to the camera. By `left` I mean closer to the left edge of the image. By `right` I mean closer to the right edge of the image. Only answer with one word: `yes` or `no`.

Question: 
Is the large blue metal sphere to the right of the small red rubber sphere?Answer:
Out:",No,no,right,True
"In: You are a helpful language and vision assistant. You are able to understand the visual content that the user provides, and assist the user with a variety of tasks using natural language. By `behind` I mean further from the camera. By `in front of` I mean closer to the camera. By `left` I mean closer to the left edge of the image. By `right` I mean closer to the right edge of the image. Only answer with one word: `yes` or `no`.

Question: 
Is the large red metal sphere to the right of the cylinder?Answer:
Out:",No,no,right,True
"In: You are a helpful language and vision assistant. You are able to understand the visual content that the user provides, and assist the user with a variety of tasks using natural language. By `behind` I mean further from the camera. By `in front of` I mean closer to the camera. By `left` I mean closer to the left edge of the image. By `right` I mean closer to the right edge of the image. Only answer with one word: `yes` or `no`.

Question: 
Is the  yellow rubber cube in front of the large red metal sphere?Answer:
Out:",Yes,no,in front of,False
"In: You are a helpful language and vision assistant. You are able to understand the visual content that the user provides, and assist the user with a variety of tasks using natural language. By `behind` I mean further from the camera. By `in front of` I mean closer to the camera. By `left` I mean closer to the left edge of the image. By `right` I mean closer to the right edge of the image. Only answer with one word: `yes` or `no`.

Question: 
Is the small gray rubber cylinder to the left of the small gray sphere?Answer:
Out:",Yes,no,left,False
"In: You are a helpful language and vision assistant. You are able to understand the visual content that the user provides, and assist the user with a variety of tasks using natural language. By `behind` I mean further from the camera. By `in front of` I mean closer to the camera. By `left` I mean closer to the left edge of the image. By `right` I mean closer to the right edge of the image. Only answer with one word: `yes` or `no`.

Question: 
Is the small gray rubber cylinder to the right of the cube?Answer:
Out:",Yes,no,right,False
"In: You are a helpful language and vision assistant. You are able to understand the visual content that the user provides, and assist the user with a variety of tasks using natural language. By `behind` I mean further from the camera. By `in front of` I mean closer to the camera. By `left` I mean closer to the left edge of the image. By `right` I mean closer to the right edge of the image. Only answer with one word: `yes` or `no`.

Question: 
Is the cube behind the small brown metal cylinder?Answer:
Out:",No,no,behind,True
"In: You are a helpful language and vision assistant. You are able to understand the visual content that the user provides, and assist the user with a variety of tasks using natural language. By `behind` I mean further from the camera. By `in front of` I mean closer to the camera. By `left` I mean closer to the left edge of the image. By `right` I mean closer to the right edge of the image. Only answer with one word: `yes` or `no`.

Question: 
Is the small brown metal cylinder to the left of the cube?Answer:
Out:",No,no,left,True
"In: You are a helpful language and vision assistant. You are able to understand the visual content that the user provides, and assist the user with a variety of tasks using natural language. By `behind` I mean further from the camera. By `in front of` I mean closer to the camera. By `left` I mean closer to the left edge of the image. By `right` I mean closer to the right edge of the image. Only answer with one word: `yes` or `no`.

Question: 
Is the small brown rubber cylinder behind the cube?Answer:
Out:",Yes,no,behind,False
"In: You are a helpful language and vision assistant. You are able to understand the visual content that the user provides, and assist the user with a variety of tasks using natural language. By `behind` I mean further from the camera. By `in front of` I mean closer to the camera. By `left` I mean closer to the left edge of the image. By `right` I mean closer to the right edge of the image. Only answer with one word: `yes` or `no`.

Question: 
Is the small cyan metal cylinder behind the small gray sphere?Answer:
Out:",Yes,no,behind,False
"In: You are a helpful language and vision assistant. You are able to understand the visual content that the user provides, and assist the user with a variety of tasks using natural language. By `behind` I mean further from the camera. By `in front of` I mean closer to the camera. By `left` I mean closer to the left edge of the image. By `right` I mean closer to the right edge of the image. Only answer with one word: `yes` or `no`.

Question: 
Is the small gray sphere to the right of the cube?Answer:
Out:",Yes,no,right,False
"In: You are a helpful language and vision assistant. You are able to understand the visual content that the user provides, and assist the user with a variety of tasks using natural language. By `behind` I mean further from the camera. By `in front of` I mean closer to the camera. By `left` I mean closer to the left edge of the image. By `right` I mean closer to the right edge of the image. Only answer with one word: `yes` or `no`.

Question: 
Is the small purple rubber sphere behind the large gray metal cube?Answer:
Out:",Yes,no,behind,False
"In: You are a helpful language and vision assistant. You are able to understand the visual content that the user provides, and assist the user with a variety of tasks using natural language. By `behind` I mean further from the camera. By `in front of` I mean closer to the camera. By `left` I mean closer to the left edge of the image. By `right` I mean closer to the right edge of the image. Only answer with one word: `yes` or `no`.

Question: 
Is the small blue rubber sphere to the left of the large cyan metal sphere?Answer:
Out:",No,no,left,True
"In: You are a helpful language and vision assistant. You are able to understand the visual content that the user provides, and assist the user with a variety of tasks using natural language. By `behind` I mean further from the camera. By `in front of` I mean closer to the camera. By `left` I mean closer to the left edge of the image. By `right` I mean closer to the right edge of the image. Only answer with one word: `yes` or `no`.

Question: 
Is the small blue rubber sphere to the right of the small purple rubber sphere?Answer:
Out:",Yes,no,right,False
"In: You are a helpful language and vision assistant. You are able to understand the visual content that the user provides, and assist the user with a variety of tasks using natural language. By `behind` I mean further from the camera. By `in front of` I mean closer to the camera. By `left` I mean closer to the left edge of the image. By `right` I mean closer to the right edge of the image. Only answer with one word: `yes` or `no`.

Question: 
Is the small green rubber sphere to the right of the large blue rubber cube?Answer:
Out:",Yes,no,right,False
"In: You are a helpful language and vision assistant. You are able to understand the visual content that the user provides, and assist the user with a variety of tasks using natural language. By `behind` I mean further from the camera. By `in front of` I mean closer to the camera. By `left` I mean closer to the left edge of the image. By `right` I mean closer to the right edge of the image. Only answer with one word: `yes` or `no`.

Question: 
Is the small purple rubber sphere to the right of the  metal cylinder?Answer:
Out:",No,no,right,True
"In: You are a helpful language and vision assistant. You are able to understand the visual content that the user provides, and assist the user with a variety of tasks using natural language. By `behind` I mean further from the camera. By `in front of` I mean closer to the camera. By `left` I mean closer to the left edge of the image. By `right` I mean closer to the right edge of the image. Only answer with one word: `yes` or `no`.

Question: 
Is the  yellow metal cube to the right of the  green rubber cube?Answer:
Out:",Yes,no,right,False
"In: You are a helpful language and vision assistant. You are able to understand the visual content that the user provides, and assist the user with a variety of tasks using natural language. By `behind` I mean further from the camera. By `in front of` I mean closer to the camera. By `left` I mean closer to the left edge of the image. By `right` I mean closer to the right edge of the image. Only answer with one word: `yes` or `no`.

Question: 
Is the small yellow metal sphere to the right of the small blue rubber sphere?Answer:
Out:",No,no,right,True
"In: You are a helpful language and vision assistant. You are able to understand the visual content that the user provides, and assist the user with a variety of tasks using natural language. By `behind` I mean further from the camera. By `in front of` I mean closer to the camera. By `left` I mean closer to the left edge of the image. By `right` I mean closer to the right edge of the image. Only answer with one word: `yes` or `no`.

Question: 
Is the small red rubber sphere to the left of the large brown metal sphere?Answer:
Out:",No,no,left,True
"In: You are a helpful language and vision assistant. You are able to understand the visual content that the user provides, and assist the user with a variety of tasks using natural language. By `behind` I mean further from the camera. By `in front of` I mean closer to the camera. By `left` I mean closer to the left edge of the image. By `right` I mean closer to the right edge of the image. Only answer with one word: `yes` or `no`.

Question: 
Is the small yellow cylinder behind the small red rubber sphere?Answer:
Out:",Yes,no,behind,False
"In: You are a helpful language and vision assistant. You are able to understand the visual content that the user provides, and assist the user with a variety of tasks using natural language. By `behind` I mean further from the camera. By `in front of` I mean closer to the camera. By `left` I mean closer to the left edge of the image. By `right` I mean closer to the right edge of the image. Only answer with one word: `yes` or `no`.

Question: 
Is the large gray cylinder to the left of the small blue rubber sphere?Answer:
Out:",Yes,no,left,False
"In: You are a helpful language and vision assistant. You are able to understand the visual content that the user provides, and assist the user with a variety of tasks using natural language. By `behind` I mean further from the camera. By `in front of` I mean closer to the camera. By `left` I mean closer to the left edge of the image. By `right` I mean closer to the right edge of the image. Only answer with one word: `yes` or `no`.

Question: 
Is the small yellow cylinder in front of the large brown rubber sphere?Answer:
Out:",No,no,in front of,True
"In: You are a helpful language and vision assistant. You are able to understand the visual content that the user provides, and assist the user with a variety of tasks using natural language. By `behind` I mean further from the camera. By `in front of` I mean closer to the camera. By `left` I mean closer to the left edge of the image. By `right` I mean closer to the right edge of the image. Only answer with one word: `yes` or `no`.

Question: 
Is the sphere to the left of the large blue metal cube?Answer:
Out:",No,yes,left,False
"In: You are a helpful language and vision assistant. You are able to understand the visual content that the user provides, and assist the user with a variety of tasks using natural language. By `behind` I mean further from the camera. By `in front of` I mean closer to the camera. By `left` I mean closer to the left edge of the image. By `right` I mean closer to the right edge of the image. Only answer with one word: `yes` or `no`.

Question: 
Is the sphere to the right of the large purple cylinder?Answer:
Out:",Yes,no,right,False
"In: You are a helpful language and vision assistant. You are able to understand the visual content that the user provides, and assist the user with a variety of tasks using natural language. By `behind` I mean further from the camera. By `in front of` I mean closer to the camera. By `left` I mean closer to the left edge of the image. By `right` I mean closer to the right edge of the image. Only answer with one word: `yes` or `no`.

Question: 
Is the large gray sphere to the left of the cube?Answer:
Out:",No,no,left,True
"In: You are a helpful language and vision assistant. You are able to understand the visual content that the user provides, and assist the user with a variety of tasks using natural language. By `behind` I mean further from the camera. By `in front of` I mean closer to the camera. By `left` I mean closer to the left edge of the image. By `right` I mean closer to the right edge of the image. Only answer with one word: `yes` or `no`.

Question: 
Is the large green metal cylinder to the left of the large gray metal cylinder?Answer:
Out:",Yes,no,left,False
"In: You are a helpful language and vision assistant. You are able to understand the visual content that the user provides, and assist the user with a variety of tasks using natural language. By `behind` I mean further from the camera. By `in front of` I mean closer to the camera. By `left` I mean closer to the left edge of the image. By `right` I mean closer to the right edge of the image. Only answer with one word: `yes` or `no`.

Question: 
Is the large gray sphere in front of the cube?Answer:
Out:",No,no,in front of,True
"In: You are a helpful language and vision assistant. You are able to understand the visual content that the user provides, and assist the user with a variety of tasks using natural language. By `behind` I mean further from the camera. By `in front of` I mean closer to the camera. By `left` I mean closer to the left edge of the image. By `right` I mean closer to the right edge of the image. Only answer with one word: `yes` or `no`.

Question: 
Is the large red metal cube to the left of the small brown metal sphere?Answer:
Out:",No,no,left,True
"In: You are a helpful language and vision assistant. You are able to understand the visual content that the user provides, and assist the user with a variety of tasks using natural language. By `behind` I mean further from the camera. By `in front of` I mean closer to the camera. By `left` I mean closer to the left edge of the image. By `right` I mean closer to the right edge of the image. Only answer with one word: `yes` or `no`.

Question: 
Is the large purple metal sphere to the right of the small brown metal sphere?Answer:
Out:",No,no,right,True
"In: You are a helpful language and vision assistant. You are able to understand the visual content that the user provides, and assist the user with a variety of tasks using natural language. By `behind` I mean further from the camera. By `in front of` I mean closer to the camera. By `left` I mean closer to the left edge of the image. By `right` I mean closer to the right edge of the image. Only answer with one word: `yes` or `no`.

Question: 
Is the small red metal cube in front of the small brown metal sphere?Answer:
Out:",Yes,no,in front of,False
"In: You are a helpful language and vision assistant. You are able to understand the visual content that the user provides, and assist the user with a variety of tasks using natural language. By `behind` I mean further from the camera. By `in front of` I mean closer to the camera. By `left` I mean closer to the left edge of the image. By `right` I mean closer to the right edge of the image. Only answer with one word: `yes` or `no`.

Question: 
Is the large yellow rubber sphere to the left of the small blue rubber cube?Answer:
Out:",Yes,no,left,False
"In: You are a helpful language and vision assistant. You are able to understand the visual content that the user provides, and assist the user with a variety of tasks using natural language. By `behind` I mean further from the camera. By `in front of` I mean closer to the camera. By `left` I mean closer to the left edge of the image. By `right` I mean closer to the right edge of the image. Only answer with one word: `yes` or `no`.

Question: 
Is the large yellow rubber sphere to the left of the small red metal cube?Answer:
Out:",Yes,no,left,False
"In: You are a helpful language and vision assistant. You are able to understand the visual content that the user provides, and assist the user with a variety of tasks using natural language. By `behind` I mean further from the camera. By `in front of` I mean closer to the camera. By `left` I mean closer to the left edge of the image. By `right` I mean closer to the right edge of the image. Only answer with one word: `yes` or `no`.

Question: 
Is the large cyan sphere in front of the large cyan rubber cube?Answer:
Out:",No,no,in front of,True
"In: You are a helpful language and vision assistant. You are able to understand the visual content that the user provides, and assist the user with a variety of tasks using natural language. By `behind` I mean further from the camera. By `in front of` I mean closer to the camera. By `left` I mean closer to the left edge of the image. By `right` I mean closer to the right edge of the image. Only answer with one word: `yes` or `no`.

Question: 
Is the small purple metal cube in front of the large cyan sphere?Answer:
Out:",Yes,no,in front of,False
"In: You are a helpful language and vision assistant. You are able to understand the visual content that the user provides, and assist the user with a variety of tasks using natural language. By `behind` I mean further from the camera. By `in front of` I mean closer to the camera. By `left` I mean closer to the left edge of the image. By `right` I mean closer to the right edge of the image. Only answer with one word: `yes` or `no`.

Question: 
Is the large green sphere behind the small purple metal cube?Answer:
Out:",No,no,behind,True
"In: You are a helpful language and vision assistant. You are able to understand the visual content that the user provides, and assist the user with a variety of tasks using natural language. By `behind` I mean further from the camera. By `in front of` I mean closer to the camera. By `left` I mean closer to the left edge of the image. By `right` I mean closer to the right edge of the image. Only answer with one word: `yes` or `no`.

Question: 
Is the large cyan rubber cube in front of the cylinder?Answer:
Out:",Yes,no,in front of,False
"In: You are a helpful language and vision assistant. You are able to understand the visual content that the user provides, and assist the user with a variety of tasks using natural language. By `behind` I mean further from the camera. By `in front of` I mean closer to the camera. By `left` I mean closer to the left edge of the image. By `right` I mean closer to the right edge of the image. Only answer with one word: `yes` or `no`.

Question: 
Is the large blue metal cylinder to the left of the small green rubber cube?Answer:
Out:",Yes,no,left,False
"In: You are a helpful language and vision assistant. You are able to understand the visual content that the user provides, and assist the user with a variety of tasks using natural language. By `behind` I mean further from the camera. By `in front of` I mean closer to the camera. By `left` I mean closer to the left edge of the image. By `right` I mean closer to the right edge of the image. Only answer with one word: `yes` or `no`.

Question: 
Is the small cyan rubber cylinder behind the small blue rubber cube?Answer:
Out:",No,no,behind,True
"In: You are a helpful language and vision assistant. You are able to understand the visual content that the user provides, and assist the user with a variety of tasks using natural language. By `behind` I mean further from the camera. By `in front of` I mean closer to the camera. By `left` I mean closer to the left edge of the image. By `right` I mean closer to the right edge of the image. Only answer with one word: `yes` or `no`.

Question: 
Is the small red rubber cylinder in front of the small blue rubber cube?Answer:
Out:",Yes,no,in front of,False
"In: You are a helpful language and vision assistant. You are able to understand the visual content that the user provides, and assist the user with a variety of tasks using natural language. By `behind` I mean further from the camera. By `in front of` I mean closer to the camera. By `left` I mean closer to the left edge of the image. By `right` I mean closer to the right edge of the image. Only answer with one word: `yes` or `no`.

Question: 
Is the small cyan rubber cylinder behind the large gray metal cube?Answer:
Out:",No,no,behind,True
"In: You are a helpful language and vision assistant. You are able to understand the visual content that the user provides, and assist the user with a variety of tasks using natural language. By `behind` I mean further from the camera. By `in front of` I mean closer to the camera. By `left` I mean closer to the left edge of the image. By `right` I mean closer to the right edge of the image. Only answer with one word: `yes` or `no`.

Question: 
Is the small purple metal cylinder to the right of the small green metal cylinder?Answer:
Out:",Yes,no,right,False
"In: You are a helpful language and vision assistant. You are able to understand the visual content that the user provides, and assist the user with a variety of tasks using natural language. By `behind` I mean further from the camera. By `in front of` I mean closer to the camera. By `left` I mean closer to the left edge of the image. By `right` I mean closer to the right edge of the image. Only answer with one word: `yes` or `no`.

Question: 
Is the small gray rubber cylinder to the left of the sphere?Answer:
Out:",No,no,left,True
"In: You are a helpful language and vision assistant. You are able to understand the visual content that the user provides, and assist the user with a variety of tasks using natural language. By `behind` I mean further from the camera. By `in front of` I mean closer to the camera. By `left` I mean closer to the left edge of the image. By `right` I mean closer to the right edge of the image. Only answer with one word: `yes` or `no`.

Question: 
Is the small gray rubber cylinder behind the small green metal cylinder?Answer:
Out:",Yes,no,behind,False
"In: You are a helpful language and vision assistant. You are able to understand the visual content that the user provides, and assist the user with a variety of tasks using natural language. By `behind` I mean further from the camera. By `in front of` I mean closer to the camera. By `left` I mean closer to the left edge of the image. By `right` I mean closer to the right edge of the image. Only answer with one word: `yes` or `no`.

Question: 
Is the  cyan rubber sphere behind the cylinder?Answer:
Out:",Yes,yes,behind,True
"In: You are a helpful language and vision assistant. You are able to understand the visual content that the user provides, and assist the user with a variety of tasks using natural language. By `behind` I mean further from the camera. By `in front of` I mean closer to the camera. By `left` I mean closer to the left edge of the image. By `right` I mean closer to the right edge of the image. Only answer with one word: `yes` or `no`.

Question: 
Is the  cyan rubber sphere to the right of the  green metal cube?Answer:
Out:",No,no,right,True
"In: You are a helpful language and vision assistant. You are able to understand the visual content that the user provides, and assist the user with a variety of tasks using natural language. By `behind` I mean further from the camera. By `in front of` I mean closer to the camera. By `left` I mean closer to the left edge of the image. By `right` I mean closer to the right edge of the image. Only answer with one word: `yes` or `no`.

Question: 
Is the large cyan rubber cylinder behind the small yellow rubber cylinder?Answer:
Out:",No,no,behind,True
"In: You are a helpful language and vision assistant. You are able to understand the visual content that the user provides, and assist the user with a variety of tasks using natural language. By `behind` I mean further from the camera. By `in front of` I mean closer to the camera. By `left` I mean closer to the left edge of the image. By `right` I mean closer to the right edge of the image. Only answer with one word: `yes` or `no`.

Question: 
Is the small yellow rubber cylinder behind the large cyan rubber cylinder?Answer:
Out:",Yes,no,behind,False
"In: You are a helpful language and vision assistant. You are able to understand the visual content that the user provides, and assist the user with a variety of tasks using natural language. By `behind` I mean further from the camera. By `in front of` I mean closer to the camera. By `left` I mean closer to the left edge of the image. By `right` I mean closer to the right edge of the image. Only answer with one word: `yes` or `no`.

Question: 
Is the small green rubber cube to the right of the  yellow cylinder?Answer:
Out:",Yes,no,right,False
"In: You are a helpful language and vision assistant. You are able to understand the visual content that the user provides, and assist the user with a variety of tasks using natural language. By `behind` I mean further from the camera. By `in front of` I mean closer to the camera. By `left` I mean closer to the left edge of the image. By `right` I mean closer to the right edge of the image. Only answer with one word: `yes` or `no`.

Question: 
Is the large cyan metal cube to the left of the  yellow cylinder?Answer:
Out:",No,no,left,True
"In: You are a helpful language and vision assistant. You are able to understand the visual content that the user provides, and assist the user with a variety of tasks using natural language. By `behind` I mean further from the camera. By `in front of` I mean closer to the camera. By `left` I mean closer to the left edge of the image. By `right` I mean closer to the right edge of the image. Only answer with one word: `yes` or `no`.

Question: 
Is the large cyan metal cube to the left of the sphere?Answer:
Out:",No,no,left,True
"In: You are a helpful language and vision assistant. You are able to understand the visual content that the user provides, and assist the user with a variety of tasks using natural language. By `behind` I mean further from the camera. By `in front of` I mean closer to the camera. By `left` I mean closer to the left edge of the image. By `right` I mean closer to the right edge of the image. Only answer with one word: `yes` or `no`.

Question: 
Is the  cyan cube in front of the  brown cube?Answer:
Out:",Yes,no,in front of,False
"In: You are a helpful language and vision assistant. You are able to understand the visual content that the user provides, and assist the user with a variety of tasks using natural language. By `behind` I mean further from the camera. By `in front of` I mean closer to the camera. By `left` I mean closer to the left edge of the image. By `right` I mean closer to the right edge of the image. Only answer with one word: `yes` or `no`.

Question: 
Is the large red metal sphere behind the small green rubber sphere?Answer:
Out:",Yes,no,behind,False
"In: You are a helpful language and vision assistant. You are able to understand the visual content that the user provides, and assist the user with a variety of tasks using natural language. By `behind` I mean further from the camera. By `in front of` I mean closer to the camera. By `left` I mean closer to the left edge of the image. By `right` I mean closer to the right edge of the image. Only answer with one word: `yes` or `no`.

Question: 
Is the small gray metal sphere to the right of the large purple metal sphere?Answer:
Out:",Yes,no,right,False
"In: You are a helpful language and vision assistant. You are able to understand the visual content that the user provides, and assist the user with a variety of tasks using natural language. By `behind` I mean further from the camera. By `in front of` I mean closer to the camera. By `left` I mean closer to the left edge of the image. By `right` I mean closer to the right edge of the image. Only answer with one word: `yes` or `no`.

Question: 
Is the large yellow metal sphere in front of the large cyan cylinder?Answer:
Out:",Yes,no,in front of,False
"In: You are a helpful language and vision assistant. You are able to understand the visual content that the user provides, and assist the user with a variety of tasks using natural language. By `behind` I mean further from the camera. By `in front of` I mean closer to the camera. By `left` I mean closer to the left edge of the image. By `right` I mean closer to the right edge of the image. Only answer with one word: `yes` or `no`.

Question: 
Is the large gray rubber sphere behind the small gray cylinder?Answer:
Out:",No,no,behind,True
"In: You are a helpful language and vision assistant. You are able to understand the visual content that the user provides, and assist the user with a variety of tasks using natural language. By `behind` I mean further from the camera. By `in front of` I mean closer to the camera. By `left` I mean closer to the left edge of the image. By `right` I mean closer to the right edge of the image. Only answer with one word: `yes` or `no`.

Question: 
Is the large cyan cylinder behind the cube?Answer:
Out:",Yes,no,behind,False
"In: You are a helpful language and vision assistant. You are able to understand the visual content that the user provides, and assist the user with a variety of tasks using natural language. By `behind` I mean further from the camera. By `in front of` I mean closer to the camera. By `left` I mean closer to the left edge of the image. By `right` I mean closer to the right edge of the image. Only answer with one word: `yes` or `no`.

Question: 
Is the cube in front of the small blue metal cylinder?Answer:
Out:",Yes,no,in front of,False
"In: You are a helpful language and vision assistant. You are able to understand the visual content that the user provides, and assist the user with a variety of tasks using natural language. By `behind` I mean further from the camera. By `in front of` I mean closer to the camera. By `left` I mean closer to the left edge of the image. By `right` I mean closer to the right edge of the image. Only answer with one word: `yes` or `no`.

Question: 
Is the large yellow cylinder to the right of the small gray rubber sphere?Answer:
Out:",No,no,right,True
"In: You are a helpful language and vision assistant. You are able to understand the visual content that the user provides, and assist the user with a variety of tasks using natural language. By `behind` I mean further from the camera. By `in front of` I mean closer to the camera. By `left` I mean closer to the left edge of the image. By `right` I mean closer to the right edge of the image. Only answer with one word: `yes` or `no`.

Question: 
Is the small gray rubber sphere to the left of the small cyan cylinder?Answer:
Out:",No,no,left,True
"In: You are a helpful language and vision assistant. You are able to understand the visual content that the user provides, and assist the user with a variety of tasks using natural language. By `behind` I mean further from the camera. By `in front of` I mean closer to the camera. By `left` I mean closer to the left edge of the image. By `right` I mean closer to the right edge of the image. Only answer with one word: `yes` or `no`.

Question: 
Is the large blue metal sphere behind the large green cylinder?Answer:
Out:",Yes,yes,behind,True
"In: You are a helpful language and vision assistant. You are able to understand the visual content that the user provides, and assist the user with a variety of tasks using natural language. By `behind` I mean further from the camera. By `in front of` I mean closer to the camera. By `left` I mean closer to the left edge of the image. By `right` I mean closer to the right edge of the image. Only answer with one word: `yes` or `no`.

Question: 
Is the  green rubber cylinder behind the large cube?Answer:
Out:",No,no,behind,True
"In: You are a helpful language and vision assistant. You are able to understand the visual content that the user provides, and assist the user with a variety of tasks using natural language. By `behind` I mean further from the camera. By `in front of` I mean closer to the camera. By `left` I mean closer to the left edge of the image. By `right` I mean closer to the right edge of the image. Only answer with one word: `yes` or `no`.

Question: 
Is the  gray sphere to the right of the  yellow sphere?Answer:
Out:",No,no,right,True
"In: You are a helpful language and vision assistant. You are able to understand the visual content that the user provides, and assist the user with a variety of tasks using natural language. By `behind` I mean further from the camera. By `in front of` I mean closer to the camera. By `left` I mean closer to the left edge of the image. By `right` I mean closer to the right edge of the image. Only answer with one word: `yes` or `no`.

Question: 
Is the  green rubber sphere to the right of the small brown rubber cylinder?Answer:
Out:",No,no,right,True
"In: You are a helpful language and vision assistant. You are able to understand the visual content that the user provides, and assist the user with a variety of tasks using natural language. By `behind` I mean further from the camera. By `in front of` I mean closer to the camera. By `left` I mean closer to the left edge of the image. By `right` I mean closer to the right edge of the image. Only answer with one word: `yes` or `no`.

Question: 
Is the  blue metal sphere to the left of the  green rubber sphere?Answer:
Out:",No,no,left,True
"In: You are a helpful language and vision assistant. You are able to understand the visual content that the user provides, and assist the user with a variety of tasks using natural language. By `behind` I mean further from the camera. By `in front of` I mean closer to the camera. By `left` I mean closer to the left edge of the image. By `right` I mean closer to the right edge of the image. Only answer with one word: `yes` or `no`.

Question: 
Is the small cube in front of the small cyan rubber cylinder?Answer:
Out:",Yes,no,in front of,False
"In: You are a helpful language and vision assistant. You are able to understand the visual content that the user provides, and assist the user with a variety of tasks using natural language. By `behind` I mean further from the camera. By `in front of` I mean closer to the camera. By `left` I mean closer to the left edge of the image. By `right` I mean closer to the right edge of the image. Only answer with one word: `yes` or `no`.

Question: 
Is the small cyan rubber cylinder behind the small cyan rubber sphere?Answer:
Out:",Yes,no,behind,False
"In: You are a helpful language and vision assistant. You are able to understand the visual content that the user provides, and assist the user with a variety of tasks using natural language. By `behind` I mean further from the camera. By `in front of` I mean closer to the camera. By `left` I mean closer to the left edge of the image. By `right` I mean closer to the right edge of the image. Only answer with one word: `yes` or `no`.

Question: 
Is the small cyan rubber sphere to the left of the large cube?Answer:
Out:",Yes,no,left,False
"In: You are a helpful language and vision assistant. You are able to understand the visual content that the user provides, and assist the user with a variety of tasks using natural language. By `behind` I mean further from the camera. By `in front of` I mean closer to the camera. By `left` I mean closer to the left edge of the image. By `right` I mean closer to the right edge of the image. Only answer with one word: `yes` or `no`.

Question: 
Is the large blue metal sphere in front of the small yellow metal sphere?Answer:
Out:",Yes,no,in front of,False
"In: You are a helpful language and vision assistant. You are able to understand the visual content that the user provides, and assist the user with a variety of tasks using natural language. By `behind` I mean further from the camera. By `in front of` I mean closer to the camera. By `left` I mean closer to the left edge of the image. By `right` I mean closer to the right edge of the image. Only answer with one word: `yes` or `no`.

Question: 
Is the  yellow cylinder behind the large yellow metal sphere?Answer:
Out:",No,yes,behind,False
"In: You are a helpful language and vision assistant. You are able to understand the visual content that the user provides, and assist the user with a variety of tasks using natural language. By `behind` I mean further from the camera. By `in front of` I mean closer to the camera. By `left` I mean closer to the left edge of the image. By `right` I mean closer to the right edge of the image. Only answer with one word: `yes` or `no`.

Question: 
Is the cube to the left of the small yellow metal sphere?Answer:
Out:",Yes,no,left,False
"In: You are a helpful language and vision assistant. You are able to understand the visual content that the user provides, and assist the user with a variety of tasks using natural language. By `behind` I mean further from the camera. By `in front of` I mean closer to the camera. By `left` I mean closer to the left edge of the image. By `right` I mean closer to the right edge of the image. Only answer with one word: `yes` or `no`.

Question: 
Is the large yellow metal sphere behind the  purple cylinder?Answer:
Out:",No,no,behind,True
"In: You are a helpful language and vision assistant. You are able to understand the visual content that the user provides, and assist the user with a variety of tasks using natural language. By `behind` I mean further from the camera. By `in front of` I mean closer to the camera. By `left` I mean closer to the left edge of the image. By `right` I mean closer to the right edge of the image. Only answer with one word: `yes` or `no`.

Question: 
Is the small cyan metal sphere in front of the small red rubber sphere?Answer:
Out:",Yes,no,in front of,False
"In: You are a helpful language and vision assistant. You are able to understand the visual content that the user provides, and assist the user with a variety of tasks using natural language. By `behind` I mean further from the camera. By `in front of` I mean closer to the camera. By `left` I mean closer to the left edge of the image. By `right` I mean closer to the right edge of the image. Only answer with one word: `yes` or `no`.

Question: 
Is the small cyan metal sphere behind the small gray metal sphere?Answer:
Out:",Yes,no,behind,False
"In: You are a helpful language and vision assistant. You are able to understand the visual content that the user provides, and assist the user with a variety of tasks using natural language. By `behind` I mean further from the camera. By `in front of` I mean closer to the camera. By `left` I mean closer to the left edge of the image. By `right` I mean closer to the right edge of the image. Only answer with one word: `yes` or `no`.

Question: 
Is the sphere in front of the  cyan cube?Answer:
Out:",Yes,yes,in front of,True
"In: You are a helpful language and vision assistant. You are able to understand the visual content that the user provides, and assist the user with a variety of tasks using natural language. By `behind` I mean further from the camera. By `in front of` I mean closer to the camera. By `left` I mean closer to the left edge of the image. By `right` I mean closer to the right edge of the image. Only answer with one word: `yes` or `no`.

Question: 
Is the small yellow cylinder to the left of the sphere?Answer:
Out:",Yes,yes,left,True
